<?xml version="1.0" encoding="UTF-8"?>
<project-private xmlns="http://www.netbeans.org/ns/project-private/1">
    <editor-bookmarks xmlns="http://www.netbeans.org/ns/editor-bookmarks/2" lastBookmarkId="0"/>
    <open-files xmlns="http://www.netbeans.org/ns/projectui-open-files/2">
        <group>
            <file>file:/C:/Users/xmrui_000/Dropbox/web%20final/teamMatching/src/java/bean/UserBean.java</file>
            <file>file:/C:/Users/xmrui_000/Dropbox/web%20final/teamMatching/src/java/action/LoginServlet.java</file>
            <file>file:/C:/Users/xmrui_000/Dropbox/web%20final/teamMatching/src/java/action/ProjectServlet.java</file>
            <file>file:/C:/Users/xmrui_000/Dropbox/web%20final/teamMatching/src/java/bean/ProposalBean.java</file>
            <file>file:/C:/Users/xmrui_000/Dropbox/web%20final/teamMatching/src/java/util/CalcMatchingIndex.java</file>
        </group>
    </open-files>
</project-private>
